{
    "title": "Altify Generator",
    "description": "Altify is a place where you can get free accounts from a free generator, from drops that happen daily, and from giveaways that also happen daily",
    "redirect": "https://discord.gg/AVKEJtWkBj",
    "color": "#7289da",
    "author":{
        "name": "Alitfy",
        "url": "https://discord.gg/AVKEJtWkBj"
    },
    "provider": {
        "name": "Provided By Altify Developing",
        "url": "https://github.com/altify-development"
    },
    "image": {
        "thumbnail": false,
        "url": "https://altify-developing-001.netlify.app/favicon.ico",
        
        "info": "Altify Developing"
    }
}
